ID,Question_Number,Module_ID,Module_Name,Year_Group,Strand,Substrand,Level,Difficulty_Score,Question_Type,Question_Text,Visual_Type,Question_Data_JSON,Correct_Answer,Answer_Type,Options_JSON,Hint,Tags,Generated_At,Parameters_JSON
N01_Y1_NPV_1761062682441_gt1myjf8j,1,N01_Y1_NPV,N01_Y1_NPV: Counting in Multiples,Year 1,Number and Place Value,Counting (in multiples),1,20,multiple_choice,"Continue the pattern: 0, 2, 4, 6, ___",multiple_choice,"{""originalText"":""Continue the pattern: 0, 2, 4, 6, ___"",""type"":""sequence"",""sequence"":[0,2,4,6],""direction"":""forwards"",""stepSize"":1}",8,single_choice,"[10,9,8,6]",Count forwards in 2s,multiple_choice; multiple-choice; number-and-place-value; year-1; numbers-to-20,2025-10-21T16:04:42.441Z,"{""step_sizes"":[1,2],""min_value"":0,""max_value"":20,""directions"":[""forwards"",""backwards""],""start_from"":""zero_or_twenty"",""sequence_length"":5,""gaps_count"":1,""gap_position"":""end""}"
N01_Y1_NPV_1761062682441_h70cyz3lg,2,N01_Y1_NPV,N01_Y1_NPV: Counting in Multiples,Year 1,Number and Place Value,Counting (in multiples),1,20,text_input,"What number comes next? 20, 19, 18, 17, ___",text_input,"{""originalText"":""What number comes next? 20, 19, 18, 17, ___"",""type"":""sequence"",""sequence"":[20,19,18,17],""direction"":""forwards"",""stepSize"":1}",16,numeric,,Count backwards in 1s,text_input; number-and-place-value; year-1; numbers-to-20,2025-10-21T16:04:42.441Z,"{""step_sizes"":[1,2],""min_value"":0,""max_value"":20,""directions"":[""forwards"",""backwards""],""start_from"":""zero_or_twenty"",""sequence_length"":5,""gaps_count"":1,""gap_position"":""end""}"
N01_Y1_NPV_1761062682441_se1fvthhc,3,N01_Y1_NPV,N01_Y1_NPV: Counting in Multiples,Year 1,Number and Place Value,Counting (in multiples),1,20,text_input,"What number comes next? 20, 18, 16, 14, ___",text_input,"{""originalText"":""What number comes next? 20, 18, 16, 14, ___"",""type"":""sequence"",""sequence"":[20,18,16,14],""direction"":""forwards"",""stepSize"":1}",12,numeric,,Count backwards in 2s,text_input; number-and-place-value; year-1; numbers-to-20,2025-10-21T16:04:42.441Z,"{""step_sizes"":[1,2],""min_value"":0,""max_value"":20,""directions"":[""forwards"",""backwards""],""start_from"":""zero_or_twenty"",""sequence_length"":5,""gaps_count"":1,""gap_position"":""end""}"
N01_Y1_NPV_1761062682441_htkjr61zy,4,N01_Y1_NPV,N01_Y1_NPV: Counting in Multiples,Year 1,Number and Place Value,Counting (in multiples),1,20,text_input,"What number comes next? 20, 18, 16, 14, ___",text_input,"{""originalText"":""What number comes next? 20, 18, 16, 14, ___"",""type"":""sequence"",""sequence"":[20,18,16,14],""direction"":""forwards"",""stepSize"":1}",12,numeric,,Count backwards in 2s,text_input; number-and-place-value; year-1; numbers-to-20,2025-10-21T16:04:42.441Z,"{""step_sizes"":[1,2],""min_value"":0,""max_value"":20,""directions"":[""forwards"",""backwards""],""start_from"":""zero_or_twenty"",""sequence_length"":5,""gaps_count"":1,""gap_position"":""end""}"
N01_Y1_NPV_1761062682441_abkmgyyvm,5,N01_Y1_NPV,N01_Y1_NPV: Counting in Multiples,Year 1,Number and Place Value,Counting (in multiples),1,20,text_input,"Fill in the missing number: 20, 19, ___, 17, 16",text_input,"{""originalText"":""Fill in the missing number: 20, 19, ___, 17, 16"",""type"":""sequence"",""sequence"":[20,19,17,16],""direction"":""forwards"",""stepSize"":1}",18,numeric,,The pattern counts backwards in 1s,text_input; number-and-place-value; year-1; numbers-to-20,2025-10-21T16:04:42.441Z,"{""step_sizes"":[1,2],""min_value"":0,""max_value"":20,""directions"":[""forwards"",""backwards""],""start_from"":""zero_or_twenty"",""sequence_length"":5,""gaps_count"":1,""gap_position"":""end""}"
N01_Y1_NPV_1761062682441_kn75mukkp,1,N01_Y1_NPV,N01_Y1_NPV: Counting in Multiples,Year 1,Number and Place Value,Counting (in multiples),2,40,text_input,"Fill in the missing number: 16, 18, 20, ___, 24, 26",text_input,"{""originalText"":""Fill in the missing number: 16, 18, 20, ___, 24, 26"",""type"":""sequence"",""sequence"":[16,18,20,24,26],""direction"":""forwards"",""stepSize"":1}",22,numeric,,The pattern counts forwards in 2s,text_input; number-and-place-value; year-1; numbers-to-100,2025-10-21T16:04:42.441Z,"{""step_sizes"":[1,2,5],""min_value"":0,""max_value"":50,""directions"":[""forwards"",""backwards""],""start_from"":""any"",""sequence_length"":6,""gaps_count"":1,""gap_position"":""middle""}"
N01_Y1_NPV_1761062682441_knu2r5uqg,2,N01_Y1_NPV,N01_Y1_NPV: Counting in Multiples,Year 1,Number and Place Value,Counting (in multiples),2,40,multiple_choice,"Continue the pattern: 12, 14, 16, 18, 20, ___",multiple_choice,"{""originalText"":""Continue the pattern: 12, 14, 16, 18, 20, ___"",""type"":""sequence"",""sequence"":[12,14,16,18,20],""direction"":""forwards"",""stepSize"":1}",22,single_choice,"[20,24,23,22]",Count forwards in 2s,multiple_choice; multiple-choice; number-and-place-value; year-1; numbers-to-100,2025-10-21T16:04:42.441Z,"{""step_sizes"":[1,2,5],""min_value"":0,""max_value"":50,""directions"":[""forwards"",""backwards""],""start_from"":""any"",""sequence_length"":6,""gaps_count"":1,""gap_position"":""middle""}"
N01_Y1_NPV_1761062682441_yrsp3o42b,3,N01_Y1_NPV,N01_Y1_NPV: Counting in Multiples,Year 1,Number and Place Value,Counting (in multiples),2,40,text_input,"What number comes next? 25, 26, 27, 28, 29, ___",text_input,"{""originalText"":""What number comes next? 25, 26, 27, 28, 29, ___"",""type"":""sequence"",""sequence"":[25,26,27,28,29],""direction"":""forwards"",""stepSize"":1}",30,numeric,,Count forwards in 1s,text_input; number-and-place-value; year-1; numbers-to-100,2025-10-21T16:04:42.441Z,"{""step_sizes"":[1,2,5],""min_value"":0,""max_value"":50,""directions"":[""forwards"",""backwards""],""start_from"":""any"",""sequence_length"":6,""gaps_count"":1,""gap_position"":""middle""}"
N01_Y1_NPV_1761062682441_jpbd1gxv8,4,N01_Y1_NPV,N01_Y1_NPV: Counting in Multiples,Year 1,Number and Place Value,Counting (in multiples),2,40,text_input,"What number comes next? 5, 10, 15, 20, 25, ___",text_input,"{""originalText"":""What number comes next? 5, 10, 15, 20, 25, ___"",""type"":""sequence"",""sequence"":[5,10,15,20,25],""direction"":""forwards"",""stepSize"":1}",30,numeric,,Count forwards in 5s,text_input; number-and-place-value; year-1; numbers-to-100,2025-10-21T16:04:42.441Z,"{""step_sizes"":[1,2,5],""min_value"":0,""max_value"":50,""directions"":[""forwards"",""backwards""],""start_from"":""any"",""sequence_length"":6,""gaps_count"":1,""gap_position"":""middle""}"
N01_Y1_NPV_1761062682441_ae2repxje,5,N01_Y1_NPV,N01_Y1_NPV: Counting in Multiples,Year 1,Number and Place Value,Counting (in multiples),2,40,text_input,"Fill in the missing number: 0, 5, 10, ___, 20, 25",text_input,"{""originalText"":""Fill in the missing number: 0, 5, 10, ___, 20, 25"",""type"":""sequence"",""sequence"":[0,5,10,20,25],""direction"":""forwards"",""stepSize"":1}",15,numeric,,The pattern counts forwards in 5s,text_input; number-and-place-value; year-1; numbers-to-100,2025-10-21T16:04:42.441Z,"{""step_sizes"":[1,2,5],""min_value"":0,""max_value"":50,""directions"":[""forwards"",""backwards""],""start_from"":""any"",""sequence_length"":6,""gaps_count"":1,""gap_position"":""middle""}"
N01_Y1_NPV_1761062682441_w1nwau18m,1,N01_Y1_NPV,N01_Y1_NPV: Counting in Multiples,Year 1,Number and Place Value,Counting (in multiples),3,60,text_input,"Fill in the missing numbers: 50, 49, ___, 47, ___, 45, 44, 43",text_input,"{""originalText"":""Fill in the missing numbers: 50, 49, ___, 47, ___, 45, 44, 43"",""type"":""sequence"",""sequence"":[50,49,47,45,44,43],""direction"":""forwards"",""stepSize"":1}","48,46",multi_part,,The pattern counts backwards in 1s,text_input; multi-part; number-and-place-value; year-1; numbers-to-100,2025-10-21T16:04:42.441Z,"{""step_sizes"":[1,2,5,10],""min_value"":0,""max_value"":100,""directions"":[""forwards"",""backwards""],""start_from"":""any"",""sequence_length"":8,""gaps_count"":2,""gap_position"":""random""}"
N01_Y1_NPV_1761062682441_yt8rumcwj,2,N01_Y1_NPV,N01_Y1_NPV: Counting in Multiples,Year 1,Number and Place Value,Counting (in multiples),3,60,multiple_choice,"Continue the pattern: 10, 20, 30, 40, 50, 60, 70, ___",multiple_choice,"{""originalText"":""Continue the pattern: 10, 20, 30, 40, 50, 60, 70, ___"",""type"":""sequence"",""sequence"":[10,20,30,40,50,60,70],""direction"":""forwards"",""stepSize"":1}",80,single_choice,"[81,90,70,80]",Count forwards in 10s,multiple_choice; multiple-choice; number-and-place-value; year-1; numbers-to-100,2025-10-21T16:04:42.441Z,"{""step_sizes"":[1,2,5,10],""min_value"":0,""max_value"":100,""directions"":[""forwards"",""backwards""],""start_from"":""any"",""sequence_length"":8,""gaps_count"":2,""gap_position"":""random""}"
N01_Y1_NPV_1761062682441_i5l4ikl3k,3,N01_Y1_NPV,N01_Y1_NPV: Counting in Multiples,Year 1,Number and Place Value,Counting (in multiples),3,60,text_input,"What number comes next? 14, 16, 18, 20, 22, 24, 26, ___",text_input,"{""originalText"":""What number comes next? 14, 16, 18, 20, 22, 24, 26, ___"",""type"":""sequence"",""sequence"":[14,16,18,20,22,24,26],""direction"":""forwards"",""stepSize"":1}",28,numeric,,Count forwards in 2s,text_input; number-and-place-value; year-1; numbers-to-100,2025-10-21T16:04:42.441Z,"{""step_sizes"":[1,2,5,10],""min_value"":0,""max_value"":100,""directions"":[""forwards"",""backwards""],""start_from"":""any"",""sequence_length"":8,""gaps_count"":2,""gap_position"":""random""}"
N01_Y1_NPV_1761062682441_97w59ei6k,4,N01_Y1_NPV,N01_Y1_NPV: Counting in Multiples,Year 1,Number and Place Value,Counting (in multiples),3,60,text_input,"What number comes next? 33, 32, 31, 30, 29, 28, 27, ___",text_input,"{""originalText"":""What number comes next? 33, 32, 31, 30, 29, 28, 27, ___"",""type"":""sequence"",""sequence"":[33,32,31,30,29,28,27],""direction"":""forwards"",""stepSize"":1}",26,numeric,,Count backwards in 1s,text_input; number-and-place-value; year-1; numbers-to-100,2025-10-21T16:04:42.441Z,"{""step_sizes"":[1,2,5,10],""min_value"":0,""max_value"":100,""directions"":[""forwards"",""backwards""],""start_from"":""any"",""sequence_length"":8,""gaps_count"":2,""gap_position"":""random""}"
N01_Y1_NPV_1761062682441_6dfag7eai,5,N01_Y1_NPV,N01_Y1_NPV: Counting in Multiples,Year 1,Number and Place Value,Counting (in multiples),3,60,text_input,"Fill in the missing numbers: ___, 10, ___, 30, 40, 50, 60, 70",text_input,"{""originalText"":""Fill in the missing numbers: ___, 10, ___, 30, 40, 50, 60, 70"",""type"":""sequence"",""sequence"":[10,30,40,50,60,70],""direction"":""forwards"",""stepSize"":1}","0,20",multi_part,,The pattern counts forwards in 10s,text_input; multi-part; number-and-place-value; year-1; numbers-to-100,2025-10-21T16:04:42.441Z,"{""step_sizes"":[1,2,5,10],""min_value"":0,""max_value"":100,""directions"":[""forwards"",""backwards""],""start_from"":""any"",""sequence_length"":8,""gaps_count"":2,""gap_position"":""random""}"
N01_Y1_NPV_1761062682441_kxg677tds,1,N01_Y1_NPV,N01_Y1_NPV: Counting in Multiples,Year 1,Number and Place Value,Counting (in multiples),4,82,multiple_choice,"Continue the pattern: 40, 45, 50, 55, 60, 65, 70, 75, 80, ___",multiple_choice,"{""originalText"":""Continue the pattern: 40, 45, 50, 55, 60, 65, 70, 75, 80, ___"",""type"":""sequence"",""sequence"":[40,45,50,55,60,65,70,75,80],""direction"":""forwards"",""stepSize"":2}",85,single_choice,"[85,80,86,90]",Count forwards in 5s,multiple_choice; multiple-choice; number-and-place-value; year-1; numbers-to-1000,2025-10-21T16:04:42.441Z,"{""step_sizes"":[2,5,10],""min_value"":0,""max_value"":120,""directions"":[""forwards"",""backwards""],""start_from"":""any"",""sequence_length"":10,""gaps_count"":3,""gap_position"":""random""}"
N01_Y1_NPV_1761062682441_aal8o05kg,2,N01_Y1_NPV,N01_Y1_NPV: Counting in Multiples,Year 1,Number and Place Value,Counting (in multiples),4,82,text_input,"What number comes next? 2, 4, 6, 8, 10, 12, 14, 16, 18, ___",text_input,"{""originalText"":""What number comes next? 2, 4, 6, 8, 10, 12, 14, 16, 18, ___"",""type"":""sequence"",""sequence"":[2,4,6,8,10,12,14,16,18],""direction"":""forwards"",""stepSize"":2}",20,numeric,,Count forwards in 2s,text_input; number-and-place-value; year-1; numbers-to-1000,2025-10-21T16:04:42.441Z,"{""step_sizes"":[2,5,10],""min_value"":0,""max_value"":120,""directions"":[""forwards"",""backwards""],""start_from"":""any"",""sequence_length"":10,""gaps_count"":3,""gap_position"":""random""}"
N01_Y1_NPV_1761062682441_mah0qleio,3,N01_Y1_NPV,N01_Y1_NPV: Counting in Multiples,Year 1,Number and Place Value,Counting (in multiples),4,82,text_input,"Fill in the missing numbers: 48, 50, ___, 54, 56, ___, 60, ___, 64, 66",text_input,"{""originalText"":""Fill in the missing numbers: 48, 50, ___, 54, 56, ___, 60, ___, 64, 66"",""type"":""sequence"",""sequence"":[48,50,54,56,60,64,66],""direction"":""forwards"",""stepSize"":2}","52,62,58",multi_part,,The pattern counts forwards in 2s,text_input; multi-part; number-and-place-value; year-1; numbers-to-1000,2025-10-21T16:04:42.441Z,"{""step_sizes"":[2,5,10],""min_value"":0,""max_value"":120,""directions"":[""forwards"",""backwards""],""start_from"":""any"",""sequence_length"":10,""gaps_count"":3,""gap_position"":""random""}"
N01_Y1_NPV_1761062682441_pko760kwr,4,N01_Y1_NPV,N01_Y1_NPV: Counting in Multiples,Year 1,Number and Place Value,Counting (in multiples),4,82,multiple_choice,"Continue the pattern: 90, 80, 70, 60, 50, 40, 30, 20, 10, ___",multiple_choice,"{""originalText"":""Continue the pattern: 90, 80, 70, 60, 50, 40, 30, 20, 10, ___"",""type"":""sequence"",""sequence"":[90,80,70,60,50,40,30,20,10],""direction"":""forwards"",""stepSize"":2}",0,single_choice,"[1,-10,10,0]",Count backwards in 10s,multiple_choice; multiple-choice; number-and-place-value; year-1; numbers-to-1000,2025-10-21T16:04:42.441Z,"{""step_sizes"":[2,5,10],""min_value"":0,""max_value"":120,""directions"":[""forwards"",""backwards""],""start_from"":""any"",""sequence_length"":10,""gaps_count"":3,""gap_position"":""random""}"
N01_Y1_NPV_1761062682442_gark49q9j,5,N01_Y1_NPV,N01_Y1_NPV: Counting in Multiples,Year 1,Number and Place Value,Counting (in multiples),4,82,text_input,"What number comes next? 10, 12, 14, 16, 18, 20, 22, 24, 26, ___",text_input,"{""originalText"":""What number comes next? 10, 12, 14, 16, 18, 20, 22, 24, 26, ___"",""type"":""sequence"",""sequence"":[10,12,14,16,18,20,22,24,26],""direction"":""forwards"",""stepSize"":2}",28,numeric,,Count forwards in 2s,text_input; number-and-place-value; year-1; numbers-to-1000,2025-10-21T16:04:42.442Z,"{""step_sizes"":[2,5,10],""min_value"":0,""max_value"":120,""directions"":[""forwards"",""backwards""],""start_from"":""any"",""sequence_length"":10,""gaps_count"":3,""gap_position"":""random""}"
N01_Y2_NPV_1761062682442_lj9buzq64,1,N01_Y2_NPV,N01_Y2_NPV: Counting in Steps,Year 2,Number and Place Value,Counting (in multiples),1,20,multiple_choice,"Continue the pattern: 0, 2, 4, 6, 8, ___",multiple_choice,"{""originalText"":""Continue the pattern: 0, 2, 4, 6, 8, ___"",""type"":""sequence"",""sequence"":[0,2,4,6,8],""direction"":""forwards"",""stepSize"":2}",10,single_choice,"[12,11,10,8]",Count forwards in 2s,multiple_choice; multiple-choice; number-and-place-value; year-2; numbers-to-100,2025-10-21T16:04:42.442Z,"{""step_sizes"":[2,3,5],""min_value"":0,""max_value"":50,""directions"":[""forwards""],""start_from"":""zero_only"",""sequence_length"":6,""gaps_count"":1,""gap_position"":""end"",""tens_from_any"":false,""tens_range"":[0,50]}"
N01_Y2_NPV_1761062682442_h0ssuhop9,2,N01_Y2_NPV,N01_Y2_NPV: Counting in Steps,Year 2,Number and Place Value,Counting (in multiples),1,20,text_input,"Fill in the missing number: 0, 5, 10, ___, 20, 25",text_input,"{""originalText"":""Fill in the missing number: 0, 5, 10, ___, 20, 25"",""type"":""sequence"",""sequence"":[0,5,10,20,25],""direction"":""forwards"",""stepSize"":2}",15,numeric,,The pattern counts forwards in 5s,text_input; number-and-place-value; year-2; numbers-to-100,2025-10-21T16:04:42.442Z,"{""step_sizes"":[2,3,5],""min_value"":0,""max_value"":50,""directions"":[""forwards""],""start_from"":""zero_only"",""sequence_length"":6,""gaps_count"":1,""gap_position"":""end"",""tens_from_any"":false,""tens_range"":[0,50]}"
N01_Y2_NPV_1761062682442_z1cbfj1us,3,N01_Y2_NPV,N01_Y2_NPV: Counting in Steps,Year 2,Number and Place Value,Counting (in multiples),1,20,multiple_choice,"Continue the pattern: 0, 3, 6, 9, 12, ___",multiple_choice,"{""originalText"":""Continue the pattern: 0, 3, 6, 9, 12, ___"",""type"":""sequence"",""sequence"":[0,3,6,9,12],""direction"":""forwards"",""stepSize"":2}",15,single_choice,"[15,16,18,12]",Count forwards in 3s,multiple_choice; multiple-choice; number-and-place-value; year-2; numbers-to-100,2025-10-21T16:04:42.442Z,"{""step_sizes"":[2,3,5],""min_value"":0,""max_value"":50,""directions"":[""forwards""],""start_from"":""zero_only"",""sequence_length"":6,""gaps_count"":1,""gap_position"":""end"",""tens_from_any"":false,""tens_range"":[0,50]}"
N01_Y2_NPV_1761062682442_2zuwsp9nn,4,N01_Y2_NPV,N01_Y2_NPV: Counting in Steps,Year 2,Number and Place Value,Counting (in multiples),1,20,text_input,"Fill in the missing number: 0, 5, 10, ___, 20, 25",text_input,"{""originalText"":""Fill in the missing number: 0, 5, 10, ___, 20, 25"",""type"":""sequence"",""sequence"":[0,5,10,20,25],""direction"":""forwards"",""stepSize"":2}",15,numeric,,The pattern counts forwards in 5s,text_input; number-and-place-value; year-2; numbers-to-100,2025-10-21T16:04:42.442Z,"{""step_sizes"":[2,3,5],""min_value"":0,""max_value"":50,""directions"":[""forwards""],""start_from"":""zero_only"",""sequence_length"":6,""gaps_count"":1,""gap_position"":""end"",""tens_from_any"":false,""tens_range"":[0,50]}"
N01_Y2_NPV_1761062682442_qbdg6byia,5,N01_Y2_NPV,N01_Y2_NPV: Counting in Steps,Year 2,Number and Place Value,Counting (in multiples),1,20,text_input,"Fill in the missing number: 0, 2, 4, ___, 8, 10",text_input,"{""originalText"":""Fill in the missing number: 0, 2, 4, ___, 8, 10"",""type"":""sequence"",""sequence"":[0,2,4,8,10],""direction"":""forwards"",""stepSize"":2}",6,numeric,,The pattern counts forwards in 2s,text_input; number-and-place-value; year-2; numbers-to-100,2025-10-21T16:04:42.442Z,"{""step_sizes"":[2,3,5],""min_value"":0,""max_value"":50,""directions"":[""forwards""],""start_from"":""zero_only"",""sequence_length"":6,""gaps_count"":1,""gap_position"":""end"",""tens_from_any"":false,""tens_range"":[0,50]}"
N01_Y2_NPV_1761062682442_q39zvfwjr,1,N01_Y2_NPV,N01_Y2_NPV: Counting in Steps,Year 2,Number and Place Value,Counting (in multiples),2,40,text_input,"What number comes next? 2, 4, 6, 8, 10, 12, 14, ___",text_input,"{""originalText"":""What number comes next? 2, 4, 6, 8, 10, 12, 14, ___"",""type"":""sequence"",""sequence"":[2,4,6,8,10,12,14],""direction"":""forwards"",""stepSize"":2}",16,numeric,,Count forwards in 2s,text_input; number-and-place-value; year-2; numbers-to-100,2025-10-21T16:04:42.442Z,"{""step_sizes"":[2,3,5,10],""min_value"":0,""max_value"":100,""directions"":[""forwards"",""backwards""],""start_from"":""zero_or_multiple"",""sequence_length"":8,""gaps_count"":1,""gap_position"":""middle"",""tens_from_any"":true,""tens_range"":[0,100]}"
N01_Y2_NPV_1761062682442_tchdw9f4h,2,N01_Y2_NPV,N01_Y2_NPV: Counting in Steps,Year 2,Number and Place Value,Counting (in multiples),2,40,multiple_choice,"Continue the pattern: 21, 18, 15, 12, 9, 6, 3, ___",multiple_choice,"{""originalText"":""Continue the pattern: 21, 18, 15, 12, 9, 6, 3, ___"",""type"":""sequence"",""sequence"":[21,18,15,12,9,6,3],""direction"":""forwards"",""stepSize"":2}",0,single_choice,"[0,3,1,-3]",Count backwards in 3s,multiple_choice; multiple-choice; number-and-place-value; year-2; numbers-to-100,2025-10-21T16:04:42.442Z,"{""step_sizes"":[2,3,5,10],""min_value"":0,""max_value"":100,""directions"":[""forwards"",""backwards""],""start_from"":""zero_or_multiple"",""sequence_length"":8,""gaps_count"":1,""gap_position"":""middle"",""tens_from_any"":true,""tens_range"":[0,100]}"
N01_Y2_NPV_1761062682442_buapd6qx9,3,N01_Y2_NPV,N01_Y2_NPV: Counting in Steps,Year 2,Number and Place Value,Counting (in multiples),2,40,multiple_choice,"Continue the pattern: 21, 18, 15, 12, 9, 6, 3, ___",multiple_choice,"{""originalText"":""Continue the pattern: 21, 18, 15, 12, 9, 6, 3, ___"",""type"":""sequence"",""sequence"":[21,18,15,12,9,6,3],""direction"":""forwards"",""stepSize"":2}",0,single_choice,"[1,3,-3,0]",Count backwards in 3s,multiple_choice; multiple-choice; number-and-place-value; year-2; numbers-to-100,2025-10-21T16:04:42.442Z,"{""step_sizes"":[2,3,5,10],""min_value"":0,""max_value"":100,""directions"":[""forwards"",""backwards""],""start_from"":""zero_or_multiple"",""sequence_length"":8,""gaps_count"":1,""gap_position"":""middle"",""tens_from_any"":true,""tens_range"":[0,100]}"
N01_Y2_NPV_1761062682442_qlxxaq6s2,4,N01_Y2_NPV,N01_Y2_NPV: Counting in Steps,Year 2,Number and Place Value,Counting (in multiples),2,40,text_input,"Fill in the missing number: 70, 60, 50, 40, ___, 20, 10, 0",text_input,"{""originalText"":""Fill in the missing number: 70, 60, 50, 40, ___, 20, 10, 0"",""type"":""sequence"",""sequence"":[70,60,50,40,20,10,0],""direction"":""forwards"",""stepSize"":2}",30,numeric,,The pattern counts backwards in 10s,text_input; number-and-place-value; year-2; numbers-to-100,2025-10-21T16:04:42.442Z,"{""step_sizes"":[2,3,5,10],""min_value"":0,""max_value"":100,""directions"":[""forwards"",""backwards""],""start_from"":""zero_or_multiple"",""sequence_length"":8,""gaps_count"":1,""gap_position"":""middle"",""tens_from_any"":true,""tens_range"":[0,100]}"
N01_Y2_NPV_1761062682442_2xybsw8so,5,N01_Y2_NPV,N01_Y2_NPV: Counting in Steps,Year 2,Number and Place Value,Counting (in multiples),2,40,multiple_choice,"Continue the pattern: 93, 83, 73, 63, 53, 43, 33, ___",multiple_choice,"{""originalText"":""Continue the pattern: 93, 83, 73, 63, 53, 43, 33, ___"",""type"":""sequence"",""sequence"":[93,83,73,63,53,43,33],""direction"":""forwards"",""stepSize"":2}",23,single_choice,"[24,13,23,33]",Count backwards in 10s,multiple_choice; multiple-choice; number-and-place-value; year-2; numbers-to-100,2025-10-21T16:04:42.442Z,"{""step_sizes"":[2,3,5,10],""min_value"":0,""max_value"":100,""directions"":[""forwards"",""backwards""],""start_from"":""zero_or_multiple"",""sequence_length"":8,""gaps_count"":1,""gap_position"":""middle"",""tens_from_any"":true,""tens_range"":[0,100]}"
N01_Y2_NPV_1761062682442_8liks104h,1,N01_Y2_NPV,N01_Y2_NPV: Counting in Steps,Year 2,Number and Place Value,Counting (in multiples),3,60,text_input,"What number comes next? 9, 12, 15, 18, 21, 24, 27, 30, 33, ___",text_input,"{""originalText"":""What number comes next? 9, 12, 15, 18, 21, 24, 27, 30, 33, ___"",""type"":""sequence"",""sequence"":[9,12,15,18,21,24,27,30,33],""direction"":""forwards"",""stepSize"":2}",36,numeric,,Count forwards in 3s,text_input; number-and-place-value; year-2; numbers-to-100,2025-10-21T16:04:42.442Z,"{""step_sizes"":[2,3,5,10],""min_value"":0,""max_value"":100,""directions"":[""forwards"",""backwards""],""start_from"":""any"",""sequence_length"":10,""gaps_count"":2,""gap_position"":""random"",""tens_from_any"":true,""tens_range"":[0,100]}"
N01_Y2_NPV_1761062682442_rmwv0z85k,2,N01_Y2_NPV,N01_Y2_NPV: Counting in Steps,Year 2,Number and Place Value,Counting (in multiples),3,60,text_input,"What number comes next? 3, 6, 9, 12, 15, 18, 21, 24, 27, ___",text_input,"{""originalText"":""What number comes next? 3, 6, 9, 12, 15, 18, 21, 24, 27, ___"",""type"":""sequence"",""sequence"":[3,6,9,12,15,18,21,24,27],""direction"":""forwards"",""stepSize"":2}",30,numeric,,Count forwards in 3s,text_input; number-and-place-value; year-2; numbers-to-100,2025-10-21T16:04:42.442Z,"{""step_sizes"":[2,3,5,10],""min_value"":0,""max_value"":100,""directions"":[""forwards"",""backwards""],""start_from"":""any"",""sequence_length"":10,""gaps_count"":2,""gap_position"":""random"",""tens_from_any"":true,""tens_range"":[0,100]}"
N01_Y2_NPV_1761062682442_48ygdumb4,3,N01_Y2_NPV,N01_Y2_NPV: Counting in Steps,Year 2,Number and Place Value,Counting (in multiples),3,60,text_input,"Fill in the missing numbers: 27, 24, 21, 18, ___, 12, ___, 6, 3, 0",text_input,"{""originalText"":""Fill in the missing numbers: 27, 24, 21, 18, ___, 12, ___, 6, 3, 0"",""type"":""sequence"",""sequence"":[27,24,21,18,12,6,3,0],""direction"":""forwards"",""stepSize"":2}","15,9",multi_part,,The pattern counts backwards in 3s,text_input; multi-part; number-and-place-value; year-2; numbers-to-100,2025-10-21T16:04:42.442Z,"{""step_sizes"":[2,3,5,10],""min_value"":0,""max_value"":100,""directions"":[""forwards"",""backwards""],""start_from"":""any"",""sequence_length"":10,""gaps_count"":2,""gap_position"":""random"",""tens_from_any"":true,""tens_range"":[0,100]}"
N01_Y2_NPV_1761062682442_uqq48iy8i,4,N01_Y2_NPV,N01_Y2_NPV: Counting in Steps,Year 2,Number and Place Value,Counting (in multiples),3,60,text_input,"Fill in the missing numbers: 18, 16, 14, 12, 10, ___, 6, 4, ___, 0",text_input,"{""originalText"":""Fill in the missing numbers: 18, 16, 14, 12, 10, ___, 6, 4, ___, 0"",""type"":""sequence"",""sequence"":[18,16,14,12,10,6,4,0],""direction"":""forwards"",""stepSize"":2}","8,2",multi_part,,The pattern counts backwards in 2s,text_input; multi-part; number-and-place-value; year-2; numbers-to-100,2025-10-21T16:04:42.442Z,"{""step_sizes"":[2,3,5,10],""min_value"":0,""max_value"":100,""directions"":[""forwards"",""backwards""],""start_from"":""any"",""sequence_length"":10,""gaps_count"":2,""gap_position"":""random"",""tens_from_any"":true,""tens_range"":[0,100]}"
N01_Y2_NPV_1761062682442_hm9mg4xku,5,N01_Y2_NPV,N01_Y2_NPV: Counting in Steps,Year 2,Number and Place Value,Counting (in multiples),3,60,text_input,"Fill in the missing numbers: ___, 24, 21, 18, 15, ___, 9, 6, 3, 0",text_input,"{""originalText"":""Fill in the missing numbers: ___, 24, 21, 18, 15, ___, 9, 6, 3, 0"",""type"":""sequence"",""sequence"":[24,21,18,15,9,6,3,0],""direction"":""forwards"",""stepSize"":2}","27,12",multi_part,,The pattern counts backwards in 3s,text_input; multi-part; number-and-place-value; year-2; numbers-to-100,2025-10-21T16:04:42.442Z,"{""step_sizes"":[2,3,5,10],""min_value"":0,""max_value"":100,""directions"":[""forwards"",""backwards""],""start_from"":""any"",""sequence_length"":10,""gaps_count"":2,""gap_position"":""random"",""tens_from_any"":true,""tens_range"":[0,100]}"
N01_Y2_NPV_1761062682442_pk5ch6o10,1,N01_Y2_NPV,N01_Y2_NPV: Counting in Steps,Year 2,Number and Place Value,Counting (in multiples),4,82,text_input,"Fill in the missing numbers: 90, 100, 110, 120, ___, ___, 150, ___, 170, 180, 190, 200",text_input,"{""originalText"":""Fill in the missing numbers: 90, 100, 110, 120, ___, ___, 150, ___, 170, 180, 190, 200"",""type"":""sequence"",""sequence"":[90,100,110,120,150,170,180,190,200],""direction"":""forwards"",""stepSize"":2}","130,140,160",multi_part,,The pattern counts forwards in 10s,text_input; multi-part; number-and-place-value; year-2; numbers-to-1000,2025-10-21T16:04:42.442Z,"{""step_sizes"":[2,3,5,10],""min_value"":0,""max_value"":200,""directions"":[""forwards"",""backwards""],""start_from"":""any"",""sequence_length"":12,""gaps_count"":3,""gap_position"":""random"",""tens_from_any"":true,""tens_range"":[0,200]}"
N01_Y2_NPV_1761062682442_8qtxkeaiw,2,N01_Y2_NPV,N01_Y2_NPV: Counting in Steps,Year 2,Number and Place Value,Counting (in multiples),4,82,text_input,"Fill in the missing numbers: 110, 100, 90, 80, ___, ___, 50, ___, 30, 20, 10, 0",text_input,"{""originalText"":""Fill in the missing numbers: 110, 100, 90, 80, ___, ___, 50, ___, 30, 20, 10, 0"",""type"":""sequence"",""sequence"":[110,100,90,80,50,30,20,10,0],""direction"":""forwards"",""stepSize"":2}","70,60,40",multi_part,,The pattern counts backwards in 10s,text_input; multi-part; number-and-place-value; year-2; numbers-to-1000,2025-10-21T16:04:42.442Z,"{""step_sizes"":[2,3,5,10],""min_value"":0,""max_value"":200,""directions"":[""forwards"",""backwards""],""start_from"":""any"",""sequence_length"":12,""gaps_count"":3,""gap_position"":""random"",""tens_from_any"":true,""tens_range"":[0,200]}"
N01_Y2_NPV_1761062682442_dxmvuw03w,3,N01_Y2_NPV,N01_Y2_NPV: Counting in Steps,Year 2,Number and Place Value,Counting (in multiples),4,82,text_input,"What number comes next? 110, 100, 90, 80, 70, 60, 50, 40, 30, 20, 10, ___",text_input,"{""originalText"":""What number comes next? 110, 100, 90, 80, 70, 60, 50, 40, 30, 20, 10, ___"",""type"":""sequence"",""sequence"":[110,100,90,80,70,60,50,40,30,20,10],""direction"":""forwards"",""stepSize"":2}",0,numeric,,Count backwards in 10s,text_input; number-and-place-value; year-2; numbers-to-1000,2025-10-21T16:04:42.442Z,"{""step_sizes"":[2,3,5,10],""min_value"":0,""max_value"":200,""directions"":[""forwards"",""backwards""],""start_from"":""any"",""sequence_length"":12,""gaps_count"":3,""gap_position"":""random"",""tens_from_any"":true,""tens_range"":[0,200]}"
N01_Y2_NPV_1761062682442_t0247uldf,4,N01_Y2_NPV,N01_Y2_NPV: Counting in Steps,Year 2,Number and Place Value,Counting (in multiples),4,82,multiple_choice,"Continue the pattern: 22, 20, 18, 16, 14, 12, 10, 8, 6, 4, 2, ___",multiple_choice,"{""originalText"":""Continue the pattern: 22, 20, 18, 16, 14, 12, 10, 8, 6, 4, 2, ___"",""type"":""sequence"",""sequence"":[22,20,18,16,14,12,10,8,6,4,2],""direction"":""forwards"",""stepSize"":2}",0,single_choice,"[0,1,2,-2]",Count backwards in 2s,multiple_choice; multiple-choice; number-and-place-value; year-2; numbers-to-1000,2025-10-21T16:04:42.442Z,"{""step_sizes"":[2,3,5,10],""min_value"":0,""max_value"":200,""directions"":[""forwards"",""backwards""],""start_from"":""any"",""sequence_length"":12,""gaps_count"":3,""gap_position"":""random"",""tens_from_any"":true,""tens_range"":[0,200]}"
N01_Y2_NPV_1761062682442_0d30uavin,5,N01_Y2_NPV,N01_Y2_NPV: Counting in Steps,Year 2,Number and Place Value,Counting (in multiples),4,82,text_input,"What number comes next? 5, 10, 15, 20, 25, 30, 35, 40, 45, 50, 55, ___",text_input,"{""originalText"":""What number comes next? 5, 10, 15, 20, 25, 30, 35, 40, 45, 50, 55, ___"",""type"":""sequence"",""sequence"":[5,10,15,20,25,30,35,40,45,50,55],""direction"":""forwards"",""stepSize"":2}",60,numeric,,Count forwards in 5s,text_input; number-and-place-value; year-2; numbers-to-1000,2025-10-21T16:04:42.442Z,"{""step_sizes"":[2,3,5,10],""min_value"":0,""max_value"":200,""directions"":[""forwards"",""backwards""],""start_from"":""any"",""sequence_length"":12,""gaps_count"":3,""gap_position"":""random"",""tens_from_any"":true,""tens_range"":[0,200]}"
N01_Y3_NPV_1761062682442_h5a4tix53,1,N01_Y3_NPV,N01_Y3_NPV: Counting from 0,Year 3,Number and Place Value,Counting (in multiples),1,20,multiple_choice,"Continue the pattern: 0, 8, 16, 24, 32, ___",multiple_choice,"{""originalText"":""Continue the pattern: 0, 8, 16, 24, 32, ___"",""type"":""sequence"",""sequence"":[0,8,16,24,32],""direction"":""forwards"",""stepSize"":4}",40,single_choice,"[48,40,41,32]",Count forwards in 8s,multiple_choice; multiple-choice; number-and-place-value; year-3; numbers-to-100,2025-10-21T16:04:42.442Z,"{""step_sizes"":[4,8,50],""min_value"":0,""max_value"":100,""directions"":[""forwards""],""start_from"":""zero_only"",""sequence_length"":6,""gaps_count"":1,""gap_position"":""end""}"
N01_Y3_NPV_1761062682442_bm5hh4q7i,2,N01_Y3_NPV,N01_Y3_NPV: Counting from 0,Year 3,Number and Place Value,Counting (in multiples),1,20,multiple_choice,"Continue the pattern: 0, 50, 100, 150, 200, ___",multiple_choice,"{""originalText"":""Continue the pattern: 0, 50, 100, 150, 200, ___"",""type"":""sequence"",""sequence"":[0,50,100,150,200],""direction"":""forwards"",""stepSize"":4}",250,single_choice,"[300,200,250,251]",Count forwards in 50s,multiple_choice; multiple-choice; number-and-place-value; year-3; numbers-to-100,2025-10-21T16:04:42.442Z,"{""step_sizes"":[4,8,50],""min_value"":0,""max_value"":100,""directions"":[""forwards""],""start_from"":""zero_only"",""sequence_length"":6,""gaps_count"":1,""gap_position"":""end""}"
N01_Y3_NPV_1761062682442_86b9khxen,3,N01_Y3_NPV,N01_Y3_NPV: Counting from 0,Year 3,Number and Place Value,Counting (in multiples),1,20,text_input,"Fill in the missing number: 0, 8, 16, ___, 32, 40",text_input,"{""originalText"":""Fill in the missing number: 0, 8, 16, ___, 32, 40"",""type"":""sequence"",""sequence"":[0,8,16,32,40],""direction"":""forwards"",""stepSize"":4}",24,numeric,,The pattern counts forwards in 8s,text_input; number-and-place-value; year-3; numbers-to-100,2025-10-21T16:04:42.442Z,"{""step_sizes"":[4,8,50],""min_value"":0,""max_value"":100,""directions"":[""forwards""],""start_from"":""zero_only"",""sequence_length"":6,""gaps_count"":1,""gap_position"":""end""}"
N01_Y3_NPV_1761062682442_dqk9vql7k,4,N01_Y3_NPV,N01_Y3_NPV: Counting from 0,Year 3,Number and Place Value,Counting (in multiples),1,20,multiple_choice,"Continue the pattern: 0, 8, 16, 24, 32, ___",multiple_choice,"{""originalText"":""Continue the pattern: 0, 8, 16, 24, 32, ___"",""type"":""sequence"",""sequence"":[0,8,16,24,32],""direction"":""forwards"",""stepSize"":4}",40,single_choice,"[32,40,41,48]",Count forwards in 8s,multiple_choice; multiple-choice; number-and-place-value; year-3; numbers-to-100,2025-10-21T16:04:42.442Z,"{""step_sizes"":[4,8,50],""min_value"":0,""max_value"":100,""directions"":[""forwards""],""start_from"":""zero_only"",""sequence_length"":6,""gaps_count"":1,""gap_position"":""end""}"
N01_Y3_NPV_1761062682442_7o2xopird,5,N01_Y3_NPV,N01_Y3_NPV: Counting from 0,Year 3,Number and Place Value,Counting (in multiples),1,20,text_input,"Fill in the missing number: 0, 50, 100, ___, 200, 250",text_input,"{""originalText"":""Fill in the missing number: 0, 50, 100, ___, 200, 250"",""type"":""sequence"",""sequence"":[0,50,100,200,250],""direction"":""forwards"",""stepSize"":4}",150,numeric,,The pattern counts forwards in 50s,text_input; number-and-place-value; year-3; numbers-to-100,2025-10-21T16:04:42.442Z,"{""step_sizes"":[4,8,50],""min_value"":0,""max_value"":100,""directions"":[""forwards""],""start_from"":""zero_only"",""sequence_length"":6,""gaps_count"":1,""gap_position"":""end""}"
N01_Y3_NPV_1761062682442_qu06o7qs4,1,N01_Y3_NPV,N01_Y3_NPV: Counting from 0,Year 3,Number and Place Value,Counting (in multiples),2,42,multiple_choice,"Continue the pattern: 350, 300, 250, 200, 150, 100, 50, ___",multiple_choice,"{""originalText"":""Continue the pattern: 350, 300, 250, 200, 150, 100, 50, ___"",""type"":""sequence"",""sequence"":[350,300,250,200,150,100,50],""direction"":""forwards"",""stepSize"":4}",0,single_choice,"[50,0,1,-50]",Count backwards in 50s,multiple_choice; multiple-choice; number-and-place-value; year-3; numbers-to-1000,2025-10-21T16:04:42.442Z,"{""step_sizes"":[4,8,50,100],""min_value"":0,""max_value"":400,""directions"":[""forwards"",""backwards""],""start_from"":""zero_or_multiple"",""sequence_length"":8,""gaps_count"":1,""gap_position"":""middle""}"
N01_Y3_NPV_1761062682442_hs39u8mm5,2,N01_Y3_NPV,N01_Y3_NPV: Counting from 0,Year 3,Number and Place Value,Counting (in multiples),2,42,text_input,"What number comes next? 400, 300, 200, 100, 0, -100, -200, ___",text_input,"{""originalText"":""What number comes next? 400, 300, 200, 100, 0, -100, -200, ___"",""type"":""sequence"",""sequence"":[400,300,200,100,0,-100,-200],""direction"":""forwards"",""stepSize"":4}",-300,numeric,,Count backwards in 100s,text_input; number-and-place-value; year-3; numbers-to-1000,2025-10-21T16:04:42.442Z,"{""step_sizes"":[4,8,50,100],""min_value"":0,""max_value"":400,""directions"":[""forwards"",""backwards""],""start_from"":""zero_or_multiple"",""sequence_length"":8,""gaps_count"":1,""gap_position"":""middle""}"
N01_Y3_NPV_1761062682442_xgw3fdon8,3,N01_Y3_NPV,N01_Y3_NPV: Counting from 0,Year 3,Number and Place Value,Counting (in multiples),2,42,multiple_choice,"Continue the pattern: 400, 300, 200, 100, 0, -100, -200, ___",multiple_choice,"{""originalText"":""Continue the pattern: 400, 300, 200, 100, 0, -100, -200, ___"",""type"":""sequence"",""sequence"":[400,300,200,100,0,-100,-200],""direction"":""forwards"",""stepSize"":4}",-300,single_choice,"[-200,-299,-300,-400]",Count backwards in 100s,multiple_choice; multiple-choice; number-and-place-value; year-3; numbers-to-1000,2025-10-21T16:04:42.442Z,"{""step_sizes"":[4,8,50,100],""min_value"":0,""max_value"":400,""directions"":[""forwards"",""backwards""],""start_from"":""zero_or_multiple"",""sequence_length"":8,""gaps_count"":1,""gap_position"":""middle""}"
N01_Y3_NPV_1761062682442_j5o4d1b3e,4,N01_Y3_NPV,N01_Y3_NPV: Counting from 0,Year 3,Number and Place Value,Counting (in multiples),2,42,text_input,"What number comes next? 4, 8, 12, 16, 20, 24, 28, ___",text_input,"{""originalText"":""What number comes next? 4, 8, 12, 16, 20, 24, 28, ___"",""type"":""sequence"",""sequence"":[4,8,12,16,20,24,28],""direction"":""forwards"",""stepSize"":4}",32,numeric,,Count forwards in 4s,text_input; number-and-place-value; year-3; numbers-to-1000,2025-10-21T16:04:42.442Z,"{""step_sizes"":[4,8,50,100],""min_value"":0,""max_value"":400,""directions"":[""forwards"",""backwards""],""start_from"":""zero_or_multiple"",""sequence_length"":8,""gaps_count"":1,""gap_position"":""middle""}"
N01_Y3_NPV_1761062682442_2ko59ieyc,5,N01_Y3_NPV,N01_Y3_NPV: Counting from 0,Year 3,Number and Place Value,Counting (in multiples),2,42,text_input,"What number comes next? 24, 32, 40, 48, 56, 64, 72, ___",text_input,"{""originalText"":""What number comes next? 24, 32, 40, 48, 56, 64, 72, ___"",""type"":""sequence"",""sequence"":[24,32,40,48,56,64,72],""direction"":""forwards"",""stepSize"":4}",80,numeric,,Count forwards in 8s,text_input; number-and-place-value; year-3; numbers-to-1000,2025-10-21T16:04:42.442Z,"{""step_sizes"":[4,8,50,100],""min_value"":0,""max_value"":400,""directions"":[""forwards"",""backwards""],""start_from"":""zero_or_multiple"",""sequence_length"":8,""gaps_count"":1,""gap_position"":""middle""}"
N01_Y3_NPV_1761062682442_f72nl62lm,1,N01_Y3_NPV,N01_Y3_NPV: Counting from 0,Year 3,Number and Place Value,Counting (in multiples),3,62,text_input,"Fill in the missing numbers: 100, ___, 200, 250, 300, 350, 400, 450, ___, 550",text_input,"{""originalText"":""Fill in the missing numbers: 100, ___, 200, 250, 300, 350, 400, 450, ___, 550"",""type"":""sequence"",""sequence"":[100,200,250,300,350,400,450,550],""direction"":""forwards"",""stepSize"":4}","150,500",multi_part,,The pattern counts forwards in 50s,text_input; multi-part; number-and-place-value; year-3; numbers-to-1000,2025-10-21T16:04:42.442Z,"{""step_sizes"":[4,8,50,100],""min_value"":0,""max_value"":800,""directions"":[""forwards"",""backwards""],""start_from"":""any"",""sequence_length"":10,""gaps_count"":2,""gap_position"":""random""}"
N01_Y3_NPV_1761062682442_u6nqvtb5g,2,N01_Y3_NPV,N01_Y3_NPV: Counting from 0,Year 3,Number and Place Value,Counting (in multiples),3,62,text_input,"Fill in the missing numbers: ___, 236, 232, 228, 224, 220, ___, 212, 208, 204",text_input,"{""originalText"":""Fill in the missing numbers: ___, 236, 232, 228, 224, 220, ___, 212, 208, 204"",""type"":""sequence"",""sequence"":[236,232,228,224,220,212,208,204],""direction"":""forwards"",""stepSize"":4}","240,216",multi_part,,The pattern counts backwards in 4s,text_input; multi-part; number-and-place-value; year-3; numbers-to-1000,2025-10-21T16:04:42.442Z,"{""step_sizes"":[4,8,50,100],""min_value"":0,""max_value"":800,""directions"":[""forwards"",""backwards""],""start_from"":""any"",""sequence_length"":10,""gaps_count"":2,""gap_position"":""random""}"
N01_Y3_NPV_1761062682442_mbplgplrk,3,N01_Y3_NPV,N01_Y3_NPV: Counting from 0,Year 3,Number and Place Value,Counting (in multiples),3,62,multiple_choice,"Continue the pattern: 0, 100, 200, 300, 400, 500, 600, 700, 800, ___",multiple_choice,"{""originalText"":""Continue the pattern: 0, 100, 200, 300, 400, 500, 600, 700, 800, ___"",""type"":""sequence"",""sequence"":[0,100,200,300,400,500,600,700,800],""direction"":""forwards"",""stepSize"":4}",900,single_choice,"[1000,901,800,900]",Count forwards in 100s,multiple_choice; multiple-choice; number-and-place-value; year-3; numbers-to-1000,2025-10-21T16:04:42.442Z,"{""step_sizes"":[4,8,50,100],""min_value"":0,""max_value"":800,""directions"":[""forwards"",""backwards""],""start_from"":""any"",""sequence_length"":10,""gaps_count"":2,""gap_position"":""random""}"
N01_Y3_NPV_1761062682442_aobfqenzq,4,N01_Y3_NPV,N01_Y3_NPV: Counting from 0,Year 3,Number and Place Value,Counting (in multiples),3,62,multiple_choice,"Continue the pattern: 0, 100, 200, 300, 400, 500, 600, 700, 800, ___",multiple_choice,"{""originalText"":""Continue the pattern: 0, 100, 200, 300, 400, 500, 600, 700, 800, ___"",""type"":""sequence"",""sequence"":[0,100,200,300,400,500,600,700,800],""direction"":""forwards"",""stepSize"":4}",900,single_choice,"[800,1000,901,900]",Count forwards in 100s,multiple_choice; multiple-choice; number-and-place-value; year-3; numbers-to-1000,2025-10-21T16:04:42.442Z,"{""step_sizes"":[4,8,50,100],""min_value"":0,""max_value"":800,""directions"":[""forwards"",""backwards""],""start_from"":""any"",""sequence_length"":10,""gaps_count"":2,""gap_position"":""random""}"
N01_Y3_NPV_1761062682442_t21cf5tw9,5,N01_Y3_NPV,N01_Y3_NPV: Counting from 0,Year 3,Number and Place Value,Counting (in multiples),3,62,text_input,"Fill in the missing numbers: 32, 36, 40, 44, 48, ___, ___, 60, 64, 68",text_input,"{""originalText"":""Fill in the missing numbers: 32, 36, 40, 44, 48, ___, ___, 60, 64, 68"",""type"":""sequence"",""sequence"":[32,36,40,44,48,60,64,68],""direction"":""forwards"",""stepSize"":4}","52,56",multi_part,,The pattern counts forwards in 4s,text_input; multi-part; number-and-place-value; year-3; numbers-to-1000,2025-10-21T16:04:42.442Z,"{""step_sizes"":[4,8,50,100],""min_value"":0,""max_value"":800,""directions"":[""forwards"",""backwards""],""start_from"":""any"",""sequence_length"":10,""gaps_count"":2,""gap_position"":""random""}"
N01_Y3_NPV_1761062682442_yqql405az,1,N01_Y3_NPV,N01_Y3_NPV: Counting from 0,Year 3,Number and Place Value,Counting (in multiples),4,82,text_input,"Fill in the missing numbers: 0, 100, 200, 300, 400, ___, 600, 700, ___, 900, ___, 1100",text_input,"{""originalText"":""Fill in the missing numbers: 0, 100, 200, 300, 400, ___, 600, 700, ___, 900, ___, 1100"",""type"":""sequence"",""sequence"":[0,100,200,300,400,600,700,900,1100],""direction"":""forwards"",""stepSize"":4}","500,800,1000",multi_part,,The pattern counts forwards in 100s,text_input; multi-part; number-and-place-value; year-3; numbers-to-1000,2025-10-21T16:04:42.442Z,"{""step_sizes"":[4,8,50,100],""min_value"":0,""max_value"":1000,""directions"":[""forwards"",""backwards""],""start_from"":""any"",""sequence_length"":12,""gaps_count"":3,""gap_position"":""random""}"
N01_Y3_NPV_1761062682442_syavmx79s,2,N01_Y3_NPV,N01_Y3_NPV: Counting from 0,Year 3,Number and Place Value,Counting (in multiples),4,82,multiple_choice,"Continue the pattern: 1000, 900, 800, 700, 600, 500, 400, 300, 200, 100, 0, ___",multiple_choice,"{""originalText"":""Continue the pattern: 1000, 900, 800, 700, 600, 500, 400, 300, 200, 100, 0, ___"",""type"":""sequence"",""sequence"":[1000,900,800,700,600,500,400,300,200,100,0],""direction"":""forwards"",""stepSize"":4}",-100,single_choice,"[-100,0,-99,-200]",Count backwards in 100s,multiple_choice; multiple-choice; number-and-place-value; year-3; numbers-to-1000,2025-10-21T16:04:42.442Z,"{""step_sizes"":[4,8,50,100],""min_value"":0,""max_value"":1000,""directions"":[""forwards"",""backwards""],""start_from"":""any"",""sequence_length"":12,""gaps_count"":3,""gap_position"":""random""}"
N01_Y3_NPV_1761062682442_km75yxysc,3,N01_Y3_NPV,N01_Y3_NPV: Counting from 0,Year 3,Number and Place Value,Counting (in multiples),4,82,text_input,"Fill in the missing numbers: 328, 324, ___, 316, 312, 308, 304, 300, ___, 292, ___, 284",text_input,"{""originalText"":""Fill in the missing numbers: 328, 324, ___, 316, 312, 308, 304, 300, ___, 292, ___, 284"",""type"":""sequence"",""sequence"":[328,324,316,312,308,304,300,292,284],""direction"":""forwards"",""stepSize"":4}","320,296,288",multi_part,,The pattern counts backwards in 4s,text_input; multi-part; number-and-place-value; year-3; numbers-to-1000,2025-10-21T16:04:42.442Z,"{""step_sizes"":[4,8,50,100],""min_value"":0,""max_value"":1000,""directions"":[""forwards"",""backwards""],""start_from"":""any"",""sequence_length"":12,""gaps_count"":3,""gap_position"":""random""}"
N01_Y3_NPV_1761062682442_3thoipgvy,4,N01_Y3_NPV,N01_Y3_NPV: Counting from 0,Year 3,Number and Place Value,Counting (in multiples),4,82,text_input,"Fill in the missing numbers: ___, 500, 450, 400, 350, 300, ___, 200, 150, ___, 50, 0",text_input,"{""originalText"":""Fill in the missing numbers: ___, 500, 450, 400, 350, 300, ___, 200, 150, ___, 50, 0"",""type"":""sequence"",""sequence"":[500,450,400,350,300,200,150,50,0],""direction"":""forwards"",""stepSize"":4}","550,250,100",multi_part,,The pattern counts backwards in 50s,text_input; multi-part; number-and-place-value; year-3; numbers-to-1000,2025-10-21T16:04:42.442Z,"{""step_sizes"":[4,8,50,100],""min_value"":0,""max_value"":1000,""directions"":[""forwards"",""backwards""],""start_from"":""any"",""sequence_length"":12,""gaps_count"":3,""gap_position"":""random""}"
N01_Y3_NPV_1761062682442_w8eaht3aw,5,N01_Y3_NPV,N01_Y3_NPV: Counting from 0,Year 3,Number and Place Value,Counting (in multiples),4,82,multiple_choice,"Continue the pattern: 80, 88, 96, 104, 112, 120, 128, 136, 144, 152, 160, ___",multiple_choice,"{""originalText"":""Continue the pattern: 80, 88, 96, 104, 112, 120, 128, 136, 144, 152, 160, ___"",""type"":""sequence"",""sequence"":[80,88,96,104,112,120,128,136,144,152,160],""direction"":""forwards"",""stepSize"":4}",168,single_choice,"[169,168,176,160]",Count forwards in 8s,multiple_choice; multiple-choice; number-and-place-value; year-3; numbers-to-1000,2025-10-21T16:04:42.442Z,"{""step_sizes"":[4,8,50,100],""min_value"":0,""max_value"":1000,""directions"":[""forwards"",""backwards""],""start_from"":""any"",""sequence_length"":12,""gaps_count"":3,""gap_position"":""random""}"
N01_Y4_NPV_1761062682442_4q1lxvnts,1,N01_Y4_NPV,N01_Y4_NPV: Count in Multiples,Year 4,Number and Place Value,Counting (in multiples),1,22,multiple_choice,"Continue the pattern: 0, 6, 12, 18, 24, ___",multiple_choice,"{""originalText"":""Continue the pattern: 0, 6, 12, 18, 24, ___"",""type"":""sequence"",""sequence"":[0,6,12,18,24],""direction"":""forwards"",""stepSize"":6}",30,single_choice,"[24,36,31,30]",Count forwards in 6s,multiple_choice; multiple-choice; number-and-place-value; year-4; numbers-to-1000,2025-10-21T16:04:42.442Z,"{""step_sizes"":[6,7,9,25],""min_value"":0,""max_value"":200,""directions"":[""forwards""],""start_from"":""zero_only"",""sequence_length"":6,""gaps_count"":1,""gap_position"":""end""}"
N01_Y4_NPV_1761062682442_nwshauqph,2,N01_Y4_NPV,N01_Y4_NPV: Count in Multiples,Year 4,Number and Place Value,Counting (in multiples),1,22,text_input,"Fill in the missing number: 0, 25, 50, ___, 100, 125",text_input,"{""originalText"":""Fill in the missing number: 0, 25, 50, ___, 100, 125"",""type"":""sequence"",""sequence"":[0,25,50,100,125],""direction"":""forwards"",""stepSize"":6}",75,numeric,,The pattern counts forwards in 25s,text_input; number-and-place-value; year-4; numbers-to-1000,2025-10-21T16:04:42.442Z,"{""step_sizes"":[6,7,9,25],""min_value"":0,""max_value"":200,""directions"":[""forwards""],""start_from"":""zero_only"",""sequence_length"":6,""gaps_count"":1,""gap_position"":""end""}"
N01_Y4_NPV_1761062682442_wd7wnlp3m,3,N01_Y4_NPV,N01_Y4_NPV: Count in Multiples,Year 4,Number and Place Value,Counting (in multiples),1,22,multiple_choice,"Continue the pattern: 0, 25, 50, 75, 100, ___",multiple_choice,"{""originalText"":""Continue the pattern: 0, 25, 50, 75, 100, ___"",""type"":""sequence"",""sequence"":[0,25,50,75,100],""direction"":""forwards"",""stepSize"":6}",125,single_choice,"[125,150,126,100]",Count forwards in 25s,multiple_choice; multiple-choice; number-and-place-value; year-4; numbers-to-1000,2025-10-21T16:04:42.442Z,"{""step_sizes"":[6,7,9,25],""min_value"":0,""max_value"":200,""directions"":[""forwards""],""start_from"":""zero_only"",""sequence_length"":6,""gaps_count"":1,""gap_position"":""end""}"
N01_Y4_NPV_1761062682442_9di0ezqbo,4,N01_Y4_NPV,N01_Y4_NPV: Count in Multiples,Year 4,Number and Place Value,Counting (in multiples),1,22,multiple_choice,"Continue the pattern: 0, 6, 12, 18, 24, ___",multiple_choice,"{""originalText"":""Continue the pattern: 0, 6, 12, 18, 24, ___"",""type"":""sequence"",""sequence"":[0,6,12,18,24],""direction"":""forwards"",""stepSize"":6}",30,single_choice,"[30,36,24,31]",Count forwards in 6s,multiple_choice; multiple-choice; number-and-place-value; year-4; numbers-to-1000,2025-10-21T16:04:42.442Z,"{""step_sizes"":[6,7,9,25],""min_value"":0,""max_value"":200,""directions"":[""forwards""],""start_from"":""zero_only"",""sequence_length"":6,""gaps_count"":1,""gap_position"":""end""}"
N01_Y4_NPV_1761062682442_cfar7ev5u,5,N01_Y4_NPV,N01_Y4_NPV: Count in Multiples,Year 4,Number and Place Value,Counting (in multiples),1,22,text_input,"Fill in the missing number: 0, 6, 12, ___, 24, 30",text_input,"{""originalText"":""Fill in the missing number: 0, 6, 12, ___, 24, 30"",""type"":""sequence"",""sequence"":[0,6,12,24,30],""direction"":""forwards"",""stepSize"":6}",18,numeric,,The pattern counts forwards in 6s,text_input; number-and-place-value; year-4; numbers-to-1000,2025-10-21T16:04:42.442Z,"{""step_sizes"":[6,7,9,25],""min_value"":0,""max_value"":200,""directions"":[""forwards""],""start_from"":""zero_only"",""sequence_length"":6,""gaps_count"":1,""gap_position"":""end""}"
N01_Y4_NPV_1761062682442_6bdlbqbpq,1,N01_Y4_NPV,N01_Y4_NPV: Count in Multiples,Year 4,Number and Place Value,Counting (in multiples),2,42,text_input,"What number comes next? 18, 24, 30, 36, 42, 48, 54, ___",text_input,"{""originalText"":""What number comes next? 18, 24, 30, 36, 42, 48, 54, ___"",""type"":""sequence"",""sequence"":[18,24,30,36,42,48,54],""direction"":""forwards"",""stepSize"":6}",60,numeric,,Count forwards in 6s,text_input; number-and-place-value; year-4; numbers-to-1000,2025-10-21T16:04:42.442Z,"{""step_sizes"":[6,7,9,25,1000],""min_value"":0,""max_value"":500,""directions"":[""forwards"",""backwards""],""start_from"":""zero_or_multiple"",""sequence_length"":8,""gaps_count"":1,""gap_position"":""middle""}"
N01_Y4_NPV_1761062682442_2gkis2o4c,2,N01_Y4_NPV,N01_Y4_NPV: Count in Multiples,Year 4,Number and Place Value,Counting (in multiples),2,42,text_input,"Fill in the missing number: 500, -500, -1500, -2500, ___, -4500, -5500, -6500",text_input,"{""originalText"":""Fill in the missing number: 500, -500, -1500, -2500, ___, -4500, -5500, -6500"",""type"":""sequence"",""sequence"":[500,-500,-1500,-2500,-4500,-5500,-6500],""direction"":""forwards"",""stepSize"":6}",-3500,numeric,,The pattern counts backwards in 1000s,text_input; number-and-place-value; year-4; numbers-to-1000,2025-10-21T16:04:42.442Z,"{""step_sizes"":[6,7,9,25,1000],""min_value"":0,""max_value"":500,""directions"":[""forwards"",""backwards""],""start_from"":""zero_or_multiple"",""sequence_length"":8,""gaps_count"":1,""gap_position"":""middle""}"
N01_Y4_NPV_1761062682442_mvsphdh84,3,N01_Y4_NPV,N01_Y4_NPV: Count in Multiples,Year 4,Number and Place Value,Counting (in multiples),2,42,multiple_choice,"Continue the pattern: 9, 18, 27, 36, 45, 54, 63, ___",multiple_choice,"{""originalText"":""Continue the pattern: 9, 18, 27, 36, 45, 54, 63, ___"",""type"":""sequence"",""sequence"":[9,18,27,36,45,54,63],""direction"":""forwards"",""stepSize"":6}",72,single_choice,"[73,63,81,72]",Count forwards in 9s,multiple_choice; multiple-choice; number-and-place-value; year-4; numbers-to-1000,2025-10-21T16:04:42.442Z,"{""step_sizes"":[6,7,9,25,1000],""min_value"":0,""max_value"":500,""directions"":[""forwards"",""backwards""],""start_from"":""zero_or_multiple"",""sequence_length"":8,""gaps_count"":1,""gap_position"":""middle""}"
N01_Y4_NPV_1761062682442_qf61r9lmi,4,N01_Y4_NPV,N01_Y4_NPV: Count in Multiples,Year 4,Number and Place Value,Counting (in multiples),2,42,text_input,"What number comes next? 500, -500, -1500, -2500, -3500, -4500, -5500, ___",text_input,"{""originalText"":""What number comes next? 500, -500, -1500, -2500, -3500, -4500, -5500, ___"",""type"":""sequence"",""sequence"":[500,-500,-1500,-2500,-3500,-4500,-5500],""direction"":""forwards"",""stepSize"":6}",-6500,numeric,,Count backwards in 1000s,text_input; number-and-place-value; year-4; numbers-to-1000,2025-10-21T16:04:42.442Z,"{""step_sizes"":[6,7,9,25,1000],""min_value"":0,""max_value"":500,""directions"":[""forwards"",""backwards""],""start_from"":""zero_or_multiple"",""sequence_length"":8,""gaps_count"":1,""gap_position"":""middle""}"
N01_Y4_NPV_1761062682442_tt98xepxp,5,N01_Y4_NPV,N01_Y4_NPV: Count in Multiples,Year 4,Number and Place Value,Counting (in multiples),2,42,text_input,"What number comes next? 63, 54, 45, 36, 27, 18, 9, ___",text_input,"{""originalText"":""What number comes next? 63, 54, 45, 36, 27, 18, 9, ___"",""type"":""sequence"",""sequence"":[63,54,45,36,27,18,9],""direction"":""forwards"",""stepSize"":6}",0,numeric,,Count backwards in 9s,text_input; number-and-place-value; year-4; numbers-to-1000,2025-10-21T16:04:42.442Z,"{""step_sizes"":[6,7,9,25,1000],""min_value"":0,""max_value"":500,""directions"":[""forwards"",""backwards""],""start_from"":""zero_or_multiple"",""sequence_length"":8,""gaps_count"":1,""gap_position"":""middle""}"
N01_Y4_NPV_1761062682442_h23dsox1c,1,N01_Y4_NPV,N01_Y4_NPV: Count in Multiples,Year 4,Number and Place Value,Counting (in multiples),3,65,text_input,"Fill in the missing numbers: ___, 3955, 3948, 3941, 3934, 3927, 3920, ___, 3906, 3899",text_input,"{""originalText"":""Fill in the missing numbers: ___, 3955, 3948, 3941, 3934, 3927, 3920, ___, 3906, 3899"",""type"":""sequence"",""sequence"":[3955,3948,3941,3934,3927,3920,3906,3899],""direction"":""forwards"",""stepSize"":6}","3962,3913",multi_part,,The pattern counts backwards in 7s,text_input; multi-part; number-and-place-value; year-4; numbers-to-10k,2025-10-21T16:04:42.442Z,"{""step_sizes"":[6,7,9,25,1000],""min_value"":0,""max_value"":10000,""directions"":[""forwards"",""backwards""],""start_from"":""any"",""sequence_length"":10,""gaps_count"":2,""gap_position"":""random""}"
N01_Y4_NPV_1761062682442_v5ovob9nd,2,N01_Y4_NPV,N01_Y4_NPV: Count in Multiples,Year 4,Number and Place Value,Counting (in multiples),3,65,text_input,"Fill in the missing numbers: ___, 3663, 3672, 3681, 3690, ___, 3708, 3717, 3726, 3735",text_input,"{""originalText"":""Fill in the missing numbers: ___, 3663, 3672, 3681, 3690, ___, 3708, 3717, 3726, 3735"",""type"":""sequence"",""sequence"":[3663,3672,3681,3690,3708,3717,3726,3735],""direction"":""forwards"",""stepSize"":6}","3654,3699",multi_part,,The pattern counts forwards in 9s,text_input; multi-part; number-and-place-value; year-4; numbers-to-10k,2025-10-21T16:04:42.442Z,"{""step_sizes"":[6,7,9,25,1000],""min_value"":0,""max_value"":10000,""directions"":[""forwards"",""backwards""],""start_from"":""any"",""sequence_length"":10,""gaps_count"":2,""gap_position"":""random""}"
N01_Y4_NPV_1761062682442_nmbsxxnsf,3,N01_Y4_NPV,N01_Y4_NPV: Count in Multiples,Year 4,Number and Place Value,Counting (in multiples),3,65,multiple_choice,"Continue the pattern: 1000, 2000, 3000, 4000, 5000, 6000, 7000, 8000, 9000, ___",multiple_choice,"{""originalText"":""Continue the pattern: 1000, 2000, 3000, 4000, 5000, 6000, 7000, 8000, 9000, ___"",""type"":""sequence"",""sequence"":[1000,2000,3000,4000,5000,6000,7000,8000,9000],""direction"":""forwards"",""stepSize"":6}",10000,single_choice,"[10000,9000,11000,10001]",Count forwards in 1000s,multiple_choice; multiple-choice; number-and-place-value; year-4; numbers-to-10k,2025-10-21T16:04:42.442Z,"{""step_sizes"":[6,7,9,25,1000],""min_value"":0,""max_value"":10000,""directions"":[""forwards"",""backwards""],""start_from"":""any"",""sequence_length"":10,""gaps_count"":2,""gap_position"":""random""}"
N01_Y4_NPV_1761062682442_ypvyion18,4,N01_Y4_NPV,N01_Y4_NPV: Count in Multiples,Year 4,Number and Place Value,Counting (in multiples),3,65,multiple_choice,"Continue the pattern: 3105, 3096, 3087, 3078, 3069, 3060, 3051, 3042, 3033, ___",multiple_choice,"{""originalText"":""Continue the pattern: 3105, 3096, 3087, 3078, 3069, 3060, 3051, 3042, 3033, ___"",""type"":""sequence"",""sequence"":[3105,3096,3087,3078,3069,3060,3051,3042,3033],""direction"":""forwards"",""stepSize"":6}",3024,single_choice,"[3025,3024,3033,3015]",Count backwards in 9s,multiple_choice; multiple-choice; number-and-place-value; year-4; numbers-to-10k,2025-10-21T16:04:42.442Z,"{""step_sizes"":[6,7,9,25,1000],""min_value"":0,""max_value"":10000,""directions"":[""forwards"",""backwards""],""start_from"":""any"",""sequence_length"":10,""gaps_count"":2,""gap_position"":""random""}"
N01_Y4_NPV_1761062682442_0dw60yuk2,5,N01_Y4_NPV,N01_Y4_NPV: Count in Multiples,Year 4,Number and Place Value,Counting (in multiples),3,65,text_input,"What number comes next? 234, 228, 222, 216, 210, 204, 198, 192, 186, ___",text_input,"{""originalText"":""What number comes next? 234, 228, 222, 216, 210, 204, 198, 192, 186, ___"",""type"":""sequence"",""sequence"":[234,228,222,216,210,204,198,192,186],""direction"":""forwards"",""stepSize"":6}",180,numeric,,Count backwards in 6s,text_input; number-and-place-value; year-4; numbers-to-10k,2025-10-21T16:04:42.442Z,"{""step_sizes"":[6,7,9,25,1000],""min_value"":0,""max_value"":10000,""directions"":[""forwards"",""backwards""],""start_from"":""any"",""sequence_length"":10,""gaps_count"":2,""gap_position"":""random""}"
N01_Y4_NPV_1761062682442_d4pjgz6kc,1,N01_Y4_NPV,N01_Y4_NPV: Count in Multiples,Year 4,Number and Place Value,Counting (in multiples),4,88,text_input,"What number comes next? 6885, 6876, 6867, 6858, 6849, 6840, 6831, 6822, 6813, 6804, 6795, ___",text_input,"{""originalText"":""What number comes next? 6885, 6876, 6867, 6858, 6849, 6840, 6831, 6822, 6813, 6804, 6795, ___"",""type"":""sequence"",""sequence"":[6885,6876,6867,6858,6849,6840,6831,6822,6813,6804,6795],""direction"":""forwards"",""stepSize"":6}",6786,numeric,,Count backwards in 9s,text_input; number-and-place-value; year-4; large-numbers,2025-10-21T16:04:42.442Z,"{""step_sizes"":[6,7,9,25,1000],""min_value"":0,""max_value"":20000,""directions"":[""forwards"",""backwards""],""start_from"":""any"",""sequence_length"":12,""gaps_count"":3,""gap_position"":""random""}"
N01_Y4_NPV_1761062682442_h66c7p1sg,2,N01_Y4_NPV,N01_Y4_NPV: Count in Multiples,Year 4,Number and Place Value,Counting (in multiples),4,88,multiple_choice,"Continue the pattern: 5748, 5754, 5760, 5766, 5772, 5778, 5784, 5790, 5796, 5802, 5808, ___",multiple_choice,"{""originalText"":""Continue the pattern: 5748, 5754, 5760, 5766, 5772, 5778, 5784, 5790, 5796, 5802, 5808, ___"",""type"":""sequence"",""sequence"":[5748,5754,5760,5766,5772,5778,5784,5790,5796,5802,5808],""direction"":""forwards"",""stepSize"":6}",5814,single_choice,"[5815,5820,5814,5808]",Count forwards in 6s,multiple_choice; multiple-choice; number-and-place-value; year-4; large-numbers,2025-10-21T16:04:42.442Z,"{""step_sizes"":[6,7,9,25,1000],""min_value"":0,""max_value"":20000,""directions"":[""forwards"",""backwards""],""start_from"":""any"",""sequence_length"":12,""gaps_count"":3,""gap_position"":""random""}"
N01_Y4_NPV_1761062682442_q5nbral3c,3,N01_Y4_NPV,N01_Y4_NPV: Count in Multiples,Year 4,Number and Place Value,Counting (in multiples),4,88,multiple_choice,"Continue the pattern: 9603, 9594, 9585, 9576, 9567, 9558, 9549, 9540, 9531, 9522, 9513, ___",multiple_choice,"{""originalText"":""Continue the pattern: 9603, 9594, 9585, 9576, 9567, 9558, 9549, 9540, 9531, 9522, 9513, ___"",""type"":""sequence"",""sequence"":[9603,9594,9585,9576,9567,9558,9549,9540,9531,9522,9513],""direction"":""forwards"",""stepSize"":6}",9504,single_choice,"[9495,9504,9513,9505]",Count backwards in 9s,multiple_choice; multiple-choice; number-and-place-value; year-4; large-numbers,2025-10-21T16:04:42.442Z,"{""step_sizes"":[6,7,9,25,1000],""min_value"":0,""max_value"":20000,""directions"":[""forwards"",""backwards""],""start_from"":""any"",""sequence_length"":12,""gaps_count"":3,""gap_position"":""random""}"
N01_Y4_NPV_1761062682442_g47ku14vi,4,N01_Y4_NPV,N01_Y4_NPV: Count in Multiples,Year 4,Number and Place Value,Counting (in multiples),4,88,multiple_choice,"Continue the pattern: 8376, 8382, 8388, 8394, 8400, 8406, 8412, 8418, 8424, 8430, 8436, ___",multiple_choice,"{""originalText"":""Continue the pattern: 8376, 8382, 8388, 8394, 8400, 8406, 8412, 8418, 8424, 8430, 8436, ___"",""type"":""sequence"",""sequence"":[8376,8382,8388,8394,8400,8406,8412,8418,8424,8430,8436],""direction"":""forwards"",""stepSize"":6}",8442,single_choice,"[8442,8443,8436,8448]",Count forwards in 6s,multiple_choice; multiple-choice; number-and-place-value; year-4; large-numbers,2025-10-21T16:04:42.442Z,"{""step_sizes"":[6,7,9,25,1000],""min_value"":0,""max_value"":20000,""directions"":[""forwards"",""backwards""],""start_from"":""any"",""sequence_length"":12,""gaps_count"":3,""gap_position"":""random""}"
N01_Y4_NPV_1761062682442_53dd3kwrb,5,N01_Y4_NPV,N01_Y4_NPV: Count in Multiples,Year 4,Number and Place Value,Counting (in multiples),4,88,multiple_choice,"Continue the pattern: 11000, 10000, 9000, 8000, 7000, 6000, 5000, 4000, 3000, 2000, 1000, ___",multiple_choice,"{""originalText"":""Continue the pattern: 11000, 10000, 9000, 8000, 7000, 6000, 5000, 4000, 3000, 2000, 1000, ___"",""type"":""sequence"",""sequence"":[11000,10000,9000,8000,7000,6000,5000,4000,3000,2000,1000],""direction"":""forwards"",""stepSize"":6}",0,single_choice,"[1000,0,-1000,1]",Count backwards in 1000s,multiple_choice; multiple-choice; number-and-place-value; year-4; large-numbers,2025-10-21T16:04:42.442Z,"{""step_sizes"":[6,7,9,25,1000],""min_value"":0,""max_value"":20000,""directions"":[""forwards"",""backwards""],""start_from"":""any"",""sequence_length"":12,""gaps_count"":3,""gap_position"":""random""}"
N01_Y5_NPV_1761062682442_ye7tugbsn,1,N01_Y5_NPV,N01_Y5_NPV: Count Forwards and Backwards,Year 5,Number and Place Value,Counting (in multiples),1,20,text_input,"Fill in the missing number: -100, 0, 100, ___, 300, 400",text_input,"{""originalText"":""Fill in the missing number: -100, 0, 100, ___, 300, 400"",""type"":""sequence"",""sequence"":[-100,0,100,300,400],""direction"":""forwards"",""stepSize"":null}",200,numeric,,The pattern counts forwards in 100s through zero,text_input; number-and-place-value; year-5; numbers-to-100,2025-10-21T16:04:42.442Z,"{""powers_of_10"":[10,100],""min_value"":-100,""max_value"":100,""directions"":[""forwards""],""start_from"":""zero_only"",""sequence_length"":6,""gaps_count"":1,""gap_position"":""end"",""start_range"":[-50,50]}"
N01_Y5_NPV_1761062682442_stxgxs6fz,2,N01_Y5_NPV,N01_Y5_NPV: Count Forwards and Backwards,Year 5,Number and Place Value,Counting (in multiples),1,20,text_input,"What number comes next? 10, 20, 30, 40, 50, ___",text_input,"{""originalText"":""What number comes next? 10, 20, 30, 40, 50, ___"",""type"":""sequence"",""sequence"":[10,20,30,40,50],""direction"":""forwards"",""stepSize"":null}",60,numeric,,Count forwards in 10s,text_input; number-and-place-value; year-5; numbers-to-100,2025-10-21T16:04:42.442Z,"{""powers_of_10"":[10,100],""min_value"":-100,""max_value"":100,""directions"":[""forwards""],""start_from"":""zero_only"",""sequence_length"":6,""gaps_count"":1,""gap_position"":""end"",""start_range"":[-50,50]}"
N01_Y5_NPV_1761062682442_fu39on7fg,3,N01_Y5_NPV,N01_Y5_NPV: Count Forwards and Backwards,Year 5,Number and Place Value,Counting (in multiples),1,20,text_input,"What number comes next? 10, 20, 30, 40, 50, ___",text_input,"{""originalText"":""What number comes next? 10, 20, 30, 40, 50, ___"",""type"":""sequence"",""sequence"":[10,20,30,40,50],""direction"":""forwards"",""stepSize"":null}",60,numeric,,Count forwards in 10s,text_input; number-and-place-value; year-5; numbers-to-100,2025-10-21T16:04:42.442Z,"{""powers_of_10"":[10,100],""min_value"":-100,""max_value"":100,""directions"":[""forwards""],""start_from"":""zero_only"",""sequence_length"":6,""gaps_count"":1,""gap_position"":""end"",""start_range"":[-50,50]}"
N01_Y5_NPV_1761062682442_6y7sfzlv1,4,N01_Y5_NPV,N01_Y5_NPV: Count Forwards and Backwards,Year 5,Number and Place Value,Counting (in multiples),1,20,text_input,"Fill in the missing number: 0, 10, 20, ___, 40, 50",text_input,"{""originalText"":""Fill in the missing number: 0, 10, 20, ___, 40, 50"",""type"":""sequence"",""sequence"":[0,10,20,40,50],""direction"":""forwards"",""stepSize"":null}",30,numeric,,The pattern counts forwards in 10s,text_input; number-and-place-value; year-5; numbers-to-100,2025-10-21T16:04:42.442Z,"{""powers_of_10"":[10,100],""min_value"":-100,""max_value"":100,""directions"":[""forwards""],""start_from"":""zero_only"",""sequence_length"":6,""gaps_count"":1,""gap_position"":""end"",""start_range"":[-50,50]}"
N01_Y5_NPV_1761062682442_sqdumj1fm,5,N01_Y5_NPV,N01_Y5_NPV: Count Forwards and Backwards,Year 5,Number and Place Value,Counting (in multiples),1,20,text_input,"What number comes next? 10, 20, 30, 40, 50, ___",text_input,"{""originalText"":""What number comes next? 10, 20, 30, 40, 50, ___"",""type"":""sequence"",""sequence"":[10,20,30,40,50],""direction"":""forwards"",""stepSize"":null}",60,numeric,,Count forwards in 10s,text_input; number-and-place-value; year-5; numbers-to-100,2025-10-21T16:04:42.442Z,"{""powers_of_10"":[10,100],""min_value"":-100,""max_value"":100,""directions"":[""forwards""],""start_from"":""zero_only"",""sequence_length"":6,""gaps_count"":1,""gap_position"":""end"",""start_range"":[-50,50]}"
N01_Y5_NPV_1761062682442_5hxyjncb6,1,N01_Y5_NPV,N01_Y5_NPV: Count Forwards and Backwards,Year 5,Number and Place Value,Counting (in multiples),2,42,text_input,"Fill in the missing number: 500, -500, -1500, -2500, ___, -4500, -5500, -6500",text_input,"{""originalText"":""Fill in the missing number: 500, -500, -1500, -2500, ___, -4500, -5500, -6500"",""type"":""sequence"",""sequence"":[500,-500,-1500,-2500,-4500,-5500,-6500],""direction"":""forwards"",""stepSize"":null}",-3500,numeric,,The pattern counts backwards in 1000s through zero,text_input; number-and-place-value; year-5; numbers-to-1000,2025-10-21T16:04:42.442Z,"{""powers_of_10"":[10,100,1000],""min_value"":-500,""max_value"":500,""directions"":[""forwards"",""backwards""],""start_from"":""any"",""sequence_length"":8,""gaps_count"":1,""gap_position"":""middle"",""start_range"":[-200,200]}"
N01_Y5_NPV_1761062682442_gfhe5ujgh,2,N01_Y5_NPV,N01_Y5_NPV: Count Forwards and Backwards,Year 5,Number and Place Value,Counting (in multiples),2,42,text_input,"What number comes next? -500, 500, 1500, 2500, 3500, 4500, 5500, ___",text_input,"{""originalText"":""What number comes next? -500, 500, 1500, 2500, 3500, 4500, 5500, ___"",""type"":""sequence"",""sequence"":[-500,500,1500,2500,3500,4500,5500],""direction"":""forwards"",""stepSize"":null}",6500,numeric,,Count forwards in 1000s (the sequence crosses zero),text_input; number-and-place-value; year-5; numbers-to-1000,2025-10-21T16:04:42.442Z,"{""powers_of_10"":[10,100,1000],""min_value"":-500,""max_value"":500,""directions"":[""forwards"",""backwards""],""start_from"":""any"",""sequence_length"":8,""gaps_count"":1,""gap_position"":""middle"",""start_range"":[-200,200]}"
N01_Y5_NPV_1761062682442_22si509w1,3,N01_Y5_NPV,N01_Y5_NPV: Count Forwards and Backwards,Year 5,Number and Place Value,Counting (in multiples),2,42,text_input,"Fill in the missing number: -180, -190, -200, -210, ___, -230, -240, -250",text_input,"{""originalText"":""Fill in the missing number: -180, -190, -200, -210, ___, -230, -240, -250"",""type"":""sequence"",""sequence"":[-180,-190,-200,-210,-230,-240,-250],""direction"":""forwards"",""stepSize"":null}",-220,numeric,,The pattern counts backwards in 10s,text_input; number-and-place-value; year-5; numbers-to-1000,2025-10-21T16:04:42.442Z,"{""powers_of_10"":[10,100,1000],""min_value"":-500,""max_value"":500,""directions"":[""forwards"",""backwards""],""start_from"":""any"",""sequence_length"":8,""gaps_count"":1,""gap_position"":""middle"",""start_range"":[-200,200]}"
N01_Y5_NPV_1761062682442_adsr7reqz,4,N01_Y5_NPV,N01_Y5_NPV: Count Forwards and Backwards,Year 5,Number and Place Value,Counting (in multiples),2,42,text_input,"Fill in the missing number: -500, 500, 1500, 2500, ___, 4500, 5500, 6500",text_input,"{""originalText"":""Fill in the missing number: -500, 500, 1500, 2500, ___, 4500, 5500, 6500"",""type"":""sequence"",""sequence"":[-500,500,1500,2500,4500,5500,6500],""direction"":""forwards"",""stepSize"":null}",3500,numeric,,The pattern counts forwards in 1000s through zero,text_input; number-and-place-value; year-5; numbers-to-1000,2025-10-21T16:04:42.442Z,"{""powers_of_10"":[10,100,1000],""min_value"":-500,""max_value"":500,""directions"":[""forwards"",""backwards""],""start_from"":""any"",""sequence_length"":8,""gaps_count"":1,""gap_position"":""middle"",""start_range"":[-200,200]}"
N01_Y5_NPV_1761062682442_71avnyeny,5,N01_Y5_NPV,N01_Y5_NPV: Count Forwards and Backwards,Year 5,Number and Place Value,Counting (in multiples),2,42,text_input,"What number comes next? 200, 100, 0, -100, -200, -300, -400, ___",text_input,"{""originalText"":""What number comes next? 200, 100, 0, -100, -200, -300, -400, ___"",""type"":""sequence"",""sequence"":[200,100,0,-100,-200,-300,-400],""direction"":""forwards"",""stepSize"":null}",-500,numeric,,Count backwards in 100s (the sequence crosses zero),text_input; number-and-place-value; year-5; numbers-to-1000,2025-10-21T16:04:42.442Z,"{""powers_of_10"":[10,100,1000],""min_value"":-500,""max_value"":500,""directions"":[""forwards"",""backwards""],""start_from"":""any"",""sequence_length"":8,""gaps_count"":1,""gap_position"":""middle"",""start_range"":[-200,200]}"
N01_Y5_NPV_1761062682442_6gz47aa34,1,N01_Y5_NPV,N01_Y5_NPV: Count Forwards and Backwards,Year 5,Number and Place Value,Counting (in multiples),3,65,text_input,"Fill in the missing numbers: -4960, -4950, -4940, -4930, -4920, -4910, -4900, ___, ___, -4870",text_input,"{""originalText"":""Fill in the missing numbers: -4960, -4950, -4940, -4930, -4920, -4910, -4900, ___, ___, -4870"",""type"":""sequence"",""sequence"":[-4960,-4950,-4940,-4930,-4920,-4910,-4900,-4870],""direction"":""forwards"",""stepSize"":null}","-4890,-4880",multi_part,,The pattern counts forwards in 10s,text_input; multi-part; number-and-place-value; year-5; numbers-to-10k,2025-10-21T16:04:42.442Z,"{""powers_of_10"":[10,100,1000,10000],""min_value"":-10000,""max_value"":10000,""directions"":[""forwards"",""backwards""],""start_from"":""any"",""sequence_length"":10,""gaps_count"":2,""gap_position"":""random"",""start_range"":[-5000,5000]}"
N01_Y5_NPV_1761062682442_f009x85ie,2,N01_Y5_NPV,N01_Y5_NPV: Count Forwards and Backwards,Year 5,Number and Place Value,Counting (in multiples),3,65,text_input,"What number comes next? -3430, -3440, -3450, -3460, -3470, -3480, -3490, -3500, -3510, ___",text_input,"{""originalText"":""What number comes next? -3430, -3440, -3450, -3460, -3470, -3480, -3490, -3500, -3510, ___"",""type"":""sequence"",""sequence"":[-3430,-3440,-3450,-3460,-3470,-3480,-3490,-3500,-3510],""direction"":""forwards"",""stepSize"":null}",-3520,numeric,,Count backwards in 10s,text_input; number-and-place-value; year-5; numbers-to-10k,2025-10-21T16:04:42.442Z,"{""powers_of_10"":[10,100,1000,10000],""min_value"":-10000,""max_value"":10000,""directions"":[""forwards"",""backwards""],""start_from"":""any"",""sequence_length"":10,""gaps_count"":2,""gap_position"":""random"",""start_range"":[-5000,5000]}"
N01_Y5_NPV_1761062682442_gx4esplai,3,N01_Y5_NPV,N01_Y5_NPV: Count Forwards and Backwards,Year 5,Number and Place Value,Counting (in multiples),3,65,multiple_choice,"Continue the pattern: -10000, 0, 10000, 20000, 30000, 40000, 50000, 60000, 70000, ___",multiple_choice,"{""originalText"":""Continue the pattern: -10000, 0, 10000, 20000, 30000, 40000, 50000, 60000, 70000, ___"",""type"":""sequence"",""sequence"":[-10000,0,10000,20000,30000,40000,50000,60000,70000],""direction"":""forwards"",""stepSize"":null}",80000,single_choice,"[80001,70000,80000,90000]",Count forwards in 10000s (remember the sequence crosses zero),multiple_choice; multiple-choice; number-and-place-value; year-5; numbers-to-10k,2025-10-21T16:04:42.442Z,"{""powers_of_10"":[10,100,1000,10000],""min_value"":-10000,""max_value"":10000,""directions"":[""forwards"",""backwards""],""start_from"":""any"",""sequence_length"":10,""gaps_count"":2,""gap_position"":""random"",""start_range"":[-5000,5000]}"
N01_Y5_NPV_1761062682442_56qc24y0n,4,N01_Y5_NPV,N01_Y5_NPV: Count Forwards and Backwards,Year 5,Number and Place Value,Counting (in multiples),3,65,text_input,"Fill in the missing numbers: 940, 950, 960, ___, 980, 990, 1000, ___, 1020, 1030",text_input,"{""originalText"":""Fill in the missing numbers: 940, 950, 960, ___, 980, 990, 1000, ___, 1020, 1030"",""type"":""sequence"",""sequence"":[940,950,960,980,990,1000,1020,1030],""direction"":""forwards"",""stepSize"":null}","970,1010",multi_part,,The pattern counts forwards in 10s,text_input; multi-part; number-and-place-value; year-5; numbers-to-10k,2025-10-21T16:04:42.442Z,"{""powers_of_10"":[10,100,1000,10000],""min_value"":-10000,""max_value"":10000,""directions"":[""forwards"",""backwards""],""start_from"":""any"",""sequence_length"":10,""gaps_count"":2,""gap_position"":""random"",""start_range"":[-5000,5000]}"
N01_Y5_NPV_1761062682442_7gqvl9z8e,5,N01_Y5_NPV,N01_Y5_NPV: Count Forwards and Backwards,Year 5,Number and Place Value,Counting (in multiples),3,65,text_input,"Fill in the missing numbers: 10000, 0, -10000, -20000, ___, ___, -50000, -60000, -70000, -80000",text_input,"{""originalText"":""Fill in the missing numbers: 10000, 0, -10000, -20000, ___, ___, -50000, -60000, -70000, -80000"",""type"":""sequence"",""sequence"":[10000,0,-10000,-20000,-50000,-60000,-70000,-80000],""direction"":""forwards"",""stepSize"":null}","-30000,-40000",multi_part,,The pattern counts backwards in 10000s through zero,text_input; multi-part; number-and-place-value; year-5; numbers-to-10k,2025-10-21T16:04:42.442Z,"{""powers_of_10"":[10,100,1000,10000],""min_value"":-10000,""max_value"":10000,""directions"":[""forwards"",""backwards""],""start_from"":""any"",""sequence_length"":10,""gaps_count"":2,""gap_position"":""random"",""start_range"":[-5000,5000]}"
N01_Y5_NPV_1761062682442_tu8qp2e6k,1,N01_Y5_NPV,N01_Y5_NPV: Count Forwards and Backwards,Year 5,Number and Place Value,Counting (in multiples),4,88,text_input,"What number comes next? 6650, 6640, 6630, 6620, 6610, 6600, 6590, 6580, 6570, 6560, 6550, ___",text_input,"{""originalText"":""What number comes next? 6650, 6640, 6630, 6620, 6610, 6600, 6590, 6580, 6570, 6560, 6550, ___"",""type"":""sequence"",""sequence"":[6650,6640,6630,6620,6610,6600,6590,6580,6570,6560,6550],""direction"":""forwards"",""stepSize"":null}",6540,numeric,,Count backwards in 10s,text_input; number-and-place-value; year-5; large-numbers,2025-10-21T16:04:42.442Z,"{""powers_of_10"":[10,100,1000,10000,100000],""min_value"":-100000,""max_value"":100000,""directions"":[""forwards"",""backwards""],""start_from"":""any"",""sequence_length"":12,""gaps_count"":3,""gap_position"":""random"",""start_range"":[-50000,50000]}"
N01_Y5_NPV_1761062682442_o4z4uewo2,2,N01_Y5_NPV,N01_Y5_NPV: Count Forwards and Backwards,Year 5,Number and Place Value,Counting (in multiples),4,88,multiple_choice,"Continue the pattern: -9290, -9280, -9270, -9260, -9250, -9240, -9230, -9220, -9210, -9200, -9190, ___",multiple_choice,"{""originalText"":""Continue the pattern: -9290, -9280, -9270, -9260, -9250, -9240, -9230, -9220, -9210, -9200, -9190, ___"",""type"":""sequence"",""sequence"":[-9290,-9280,-9270,-9260,-9250,-9240,-9230,-9220,-9210,-9200,-9190],""direction"":""forwards"",""stepSize"":null}",-9180,single_choice,"[-9180,-9170,-9179,-9190]",Count forwards in 10s,multiple_choice; multiple-choice; number-and-place-value; year-5; large-numbers,2025-10-21T16:04:42.442Z,"{""powers_of_10"":[10,100,1000,10000,100000],""min_value"":-100000,""max_value"":100000,""directions"":[""forwards"",""backwards""],""start_from"":""any"",""sequence_length"":12,""gaps_count"":3,""gap_position"":""random"",""start_range"":[-50000,50000]}"
N01_Y5_NPV_1761062682443_ua15p6vki,3,N01_Y5_NPV,N01_Y5_NPV: Count Forwards and Backwards,Year 5,Number and Place Value,Counting (in multiples),4,88,text_input,"What number comes next? 10000, 0, -10000, -20000, -30000, -40000, -50000, -60000, -70000, -80000, -90000, ___",text_input,"{""originalText"":""What number comes next? 10000, 0, -10000, -20000, -30000, -40000, -50000, -60000, -70000, -80000, -90000, ___"",""type"":""sequence"",""sequence"":[10000,0,-10000,-20000,-30000,-40000,-50000,-60000,-70000,-80000,-90000],""direction"":""forwards"",""stepSize"":null}",-100000,numeric,,Count backwards in 10000s (the sequence crosses zero),text_input; number-and-place-value; year-5; large-numbers,2025-10-21T16:04:42.443Z,"{""powers_of_10"":[10,100,1000,10000,100000],""min_value"":-100000,""max_value"":100000,""directions"":[""forwards"",""backwards""],""start_from"":""any"",""sequence_length"":12,""gaps_count"":3,""gap_position"":""random"",""start_range"":[-50000,50000]}"
N01_Y5_NPV_1761062682443_f47r9bgrm,4,N01_Y5_NPV,N01_Y5_NPV: Count Forwards and Backwards,Year 5,Number and Place Value,Counting (in multiples),4,88,multiple_choice,"Continue the pattern: -100000, 0, 100000, 200000, 300000, 400000, 500000, 600000, 700000, 800000, 900000, ___",multiple_choice,"{""originalText"":""Continue the pattern: -100000, 0, 100000, 200000, 300000, 400000, 500000, 600000, 700000, 800000, 900000, ___"",""type"":""sequence"",""sequence"":[-100000,0,100000,200000,300000,400000,500000,600000,700000,800000,900000],""direction"":""forwards"",""stepSize"":null}",1000000,single_choice,"[1100000,1000000,1000001,900000]",Count forwards in 100000s (remember the sequence crosses zero),multiple_choice; multiple-choice; number-and-place-value; year-5; large-numbers,2025-10-21T16:04:42.443Z,"{""powers_of_10"":[10,100,1000,10000,100000],""min_value"":-100000,""max_value"":100000,""directions"":[""forwards"",""backwards""],""start_from"":""any"",""sequence_length"":12,""gaps_count"":3,""gap_position"":""random"",""start_range"":[-50000,50000]}"
N01_Y5_NPV_1761062682443_7pkj6sqal,5,N01_Y5_NPV,N01_Y5_NPV: Count Forwards and Backwards,Year 5,Number and Place Value,Counting (in multiples),4,88,text_input,"Fill in the missing numbers: ___, 0, 100000, 200000, ___, 400000, 500000, 600000, 700000, ___, 900000, 1000000",text_input,"{""originalText"":""Fill in the missing numbers: ___, 0, 100000, 200000, ___, 400000, 500000, 600000, 700000, ___, 900000, 1000000"",""type"":""sequence"",""sequence"":[0,100000,200000,400000,500000,600000,700000,900000,1000000],""direction"":""forwards"",""stepSize"":null}","-100000,300000,800000",multi_part,,The pattern counts forwards in 100000s through zero,text_input; multi-part; number-and-place-value; year-5; large-numbers,2025-10-21T16:04:42.443Z,"{""powers_of_10"":[10,100,1000,10000,100000],""min_value"":-100000,""max_value"":100000,""directions"":[""forwards"",""backwards""],""start_from"":""any"",""sequence_length"":12,""gaps_count"":3,""gap_position"":""random"",""start_range"":[-50000,50000]}"